term,scenario,mean_estimate,sd_estimate,median_estimate,mean_p,prop_significant
Intercept,Low,2.993004455840553,0.023907064068696138,2.9916335427430703,9.03148832088292e-104,1
Intercept,Intermediate,3.0235906460977438,0.03081250725036918,3.0226938245740538,6.162570875379071e-67,1
Intercept,High,3.092741164348967,0.041172427716491315,3.0966199100626772,1.0335963498103025e-41,1
Corrected age,Low,-0.0027078789748704777,0.001164476785869265,-0.0026765523511030707,0.6778777014738422,0
Corrected age,Intermediate,-0.006516173132621297,0.002506260820855861,-0.0067201749193918445,0.6236491697727071,0
Corrected age,High,-0.01905175860824179,0.005299026564918281,-0.019299468192170766,0.49630307387285044,0
Diversification rates,Low,0.16715599975552248,0.06996445036379909,0.16691314495349563,0.7319643421493963,0
Diversification rates,Intermediate,0.11760079031478178,0.06995290495300101,0.11435940779775011,0.8131923659059911,0
Diversification rates,High,0.018654143604447455,0.072360523177113,0.017119310697092716,0.9187411838827455,0
