term,scenario,mean_estimate,sd_estimate,median_estimate,mean_p,prop_significant
Intercept,Low,-1.9483238954777202,0.026623974407656632,-1.948117321180503,5.0107932116153253e-54,1
Intercept,Intermediate,-2.047784223857009,0.034150093598517256,-2.048660425241098,2.649314052597902e-37,1
Intercept,High,-2.172599295368034,0.043524379596945544,-2.174133278395905,2.0481937883902268e-25,1
Corrected age,Low,0.012771644327379256,0.0010033695197456203,0.012747772421517431,0.017136511431178062,0.99
Corrected age,Intermediate,0.026989921610293028,0.002187405696485285,0.026937864684089464,0.01972493455119969,0.98
Corrected age,High,0.05755813706477267,0.004633398857571888,0.05738377037254097,0.0212114270052596,0.95
Diversification rates,Low,-0.13755121857735983,0.06831350201516094,-0.1350947262761903,0.7551285731178478,0
Diversification rates,Intermediate,0.011028559041363746,0.06700746498106026,0.020674468783781142,0.9026086695019916,0
Diversification rates,High,0.15784237220758382,0.06550493373567103,0.16801550924456782,0.7355873705623428,0
